{
 "version": "auto-py-to-exe-configuration_v1",
 "pyinstallerOptions": [
  {
   "optionDest": "noconfirm",
   "value": true
  },
  {
   "optionDest": "filenames",
   "value": "D:\\SandBox\\PTCConfigurationOverview\\01_SourceCode\\PTCConfigurationOverview.py"
  },
  {
   "optionDest": "onefile",
   "value": false
  },
  {
   "optionDest": "console",
   "value": false
  },
  {
   "optionDest": "icon_file",
   "value": "D:/SandBox/PTCConfigurationOverview/01_SourceCode/DataFiles/Icons/ZF_logo.ico"
  },
  {
   "optionDest": "ascii",
   "value": false
  },
  {
   "optionDest": "clean_build",
   "value": false
  },
  {
   "optionDest": "strip",
   "value": false
  },
  {
   "optionDest": "noupx",
   "value": false
  },
  {
   "optionDest": "uac_admin",
   "value": false
  },
  {
   "optionDest": "uac_uiaccess",
   "value": false
  },
  {
   "optionDest": "win_private_assemblies",
   "value": false
  },
  {
   "optionDest": "win_no_prefer_redirects",
   "value": false
  },
  {
   "optionDest": "bootloader_ignore_signals",
   "value": false
  },
  {
   "optionDest": "hiddenimports",
   "value": "babel.numbers"
  }
 ],
 "nonPyinstallerOptions": {
  "increaseRecursionLimit": true,
  "manualArguments": ""
 }
}